{"cameraMode":{"drawMode":0,"name":"Shaded","section":"Shading Mode"},"sceneLighting":true,"audioPlay":false,"sceneViewState":{"m_AlwaysRefresh":false,"showFog":true,"showSkybox":true,"showFlares":true,"showImageEffects":true,"showParticleSystems":true,"showVisualEffectGraphs":true,"m_FxEnabled":true},"in2DMode":false,"pivot":{"x":16.957935333251954,"y":-24.013010025024415,"z":22.981388092041017},"rotation":{"x":0.4534931182861328,"y":0.1821231245994568,"z":-0.0952385887503624,"w":0.8672446012496948},"size":23.413402557373048,"orthographic":false}