{"cameraMode":{"drawMode":0,"name":"Shaded","section":"Shading Mode"},"sceneLighting":true,"audioPlay":false,"sceneViewState":{"m_AlwaysRefresh":false,"showFog":true,"showSkybox":true,"showFlares":true,"showImageEffects":true,"showParticleSystems":true,"showVisualEffectGraphs":true,"m_FxEnabled":true},"in2DMode":false,"pivot":{"x":135.20458984375,"y":96.55754089355469,"z":51.18133544921875},"rotation":{"x":0.010756358504295349,"y":0.09883362799882889,"z":-0.0010742918821051717,"w":0.9950605630874634},"size":228.67112731933595,"orthographic":false}