{"cameraMode":{"drawMode":0,"name":"Shaded","section":"Shading Mode"},"sceneLighting":true,"audioPlay":false,"sceneViewState":{"m_AlwaysRefresh":false,"showFog":true,"showSkybox":true,"showFlares":true,"showImageEffects":true,"showParticleSystems":true,"showVisualEffectGraphs":true,"m_FxEnabled":true},"in2DMode":false,"pivot":{"x":3.6299896240234377,"y":16.105316162109376,"z":22.19780731201172},"rotation":{"x":0.020729245617985727,"y":-0.4142146408557892,"z":0.00951308198273182,"w":0.9099245667457581},"size":29.7608699798584,"orthographic":false}