{"cameraMode":{"drawMode":0,"name":"Shaded","section":"Shading Mode"},"sceneLighting":true,"audioPlay":false,"sceneViewState":{"m_AlwaysRefresh":false,"showFog":true,"showSkybox":true,"showFlares":true,"showImageEffects":true,"showParticleSystems":true,"showVisualEffectGraphs":true,"m_FxEnabled":true},"in2DMode":false,"pivot":{"x":11.76404094696045,"y":-20.41426658630371,"z":18.451244354248048},"rotation":{"x":0.47915616631507876,"y":0.23387140035629273,"z":-0.13415618240833283,"w":0.8352940082550049},"size":20.11780548095703,"orthographic":false}