{"cameraMode":{"drawMode":0,"name":"Shaded","section":"Shading Mode"},"sceneLighting":false,"audioPlay":false,"sceneViewState":{"m_AlwaysRefresh":false,"showFog":true,"showSkybox":false,"showFlares":true,"showImageEffects":true,"showParticleSystems":true,"showVisualEffectGraphs":true,"m_FxEnabled":true},"in2DMode":false,"pivot":{"x":-0.31076496839523318,"y":0.05769491195678711,"z":-0.011220157146453858},"rotation":{"x":0.6557524800300598,"y":0.09209039062261582,"z":-0.08106329292058945,"w":0.744940459728241},"size":2.4452590942382814,"orthographic":false}